Date,Time,Platform,Topic Category,Post Title,Post Caption,Hashtags,Image Path OR Image URL,Image Prompt,Image Status,Post Status,Log / Error Message,Retry Count
12/19/2025,11:25 AM,Facebook,Marketing,Facebook Brand Strategy,Consistency is key to growing your Facebook Page audience in 2025.,#FacebookMarketing #SocialMedia #Growth,,Professional brand icon.,Pending,Posted,Successfully posted to FB. ID: 860404523831930_122106323571164728,0
12/20/2025,11:00 AM,Facebook,Tech Tips,Node.js Performance on FB,Sharing some deep insights on why Node.js is great for social media backends.,#NodeJS #Backend #FacebookDev,E:/Linkdin post/day2.png,Abstract code glowing.,Pending,Posted,"Facebook Image Upload Failed: {""error"":{""message"":""(#200) The permission(s) publish_actions are not available. It has been deprecated. If you want to provide a way for your app users to share content to Facebook, we encourage you to use our Sharing products instead."",""type"":""OAuthException"",""code"":200,""fbtrace_id"":""Au3lsDOYQWsD2P947RQZh_Y""}}",1
12/21/2025,11:05 PM,Facebook,Clean Code,"""It works"" is the bare minimum.","Code that works but is unreadable is technical debt the moment it's committed.

Clean Code principles I swear by:
1. Variable names should explain 'Why', not just 'What'.
2. Functions should do ONE thing.
3. Early returns over nested if/else blocks.
4. Comments should explain intent, not syntax.

Write code for the human who has to maintain it in 6 months. That human might be you.

#CleanCode #SoftwareEngineering #DeveloperMindset #Refactoring #CodeQuality",#CleanCode #SoftwareEngineering #DeveloperMindset #Refactoring #CodeQuality,E:/Linkdin post/day5.png,Code snippet 'Before vs After'. The 'After' side is significantly cleaner and more readable. High contrast syntax highlighting.,Pending,Posted,Successfully posted to FB. ID: 122106323601164728,0
12/22/2025,9:00 AM,Facebook,Performance & Scalability,Database Indexing: The Silent Performance Killer,"You added a MongoDB index. Great.
Did you check the Explain Plan?

Common Indexing Mistakes:
1. Over-indexing: Slows down writes significantly.
2. Wrong Order: Compound indexes (A, B) are NOT the same as (B, A).
3. Sparse Indexes: Not using them when 50% of fields are null.

An unoptimized database schema will cripple your MERN app faster than any React re-render.

Always measure usage patterns before defining indexes.

#MongoDB #DatabaseDesign #PerformanceOptimization #Backend #Scalability",#MongoDB #DatabaseDesign #PerformanceOptimization #Backend #Scalability,E:/Linkdin post/day6.png,Dashboard view of database query performance metrics. Red line going down (latency) as Blue line goes up (throughput). Data visualization style.,Pending,Posted,Successfully posted to FB. ID: 122106323655164728,0
12/23/2025,9:00 AM,Facebook,Developer Mindset,"Junior Devs ask ""How"". Senior Devs ask ""Why"".","The shift from Junior to Senior isn't about memorizing syntax. It's about decision making.

- Junior: ""How do I use Docker?""
- Senior: ""Does this project actually need containerization, or is a simple PAAS deployment enough?""

Stop focusing solely on the tools. Focus on the problem. The tool is just a means to an end.

#CareerGrowth #SeniorDeveloper #EngineeringMindset #TechCareer #Mentorship",#CareerGrowth #SeniorDeveloper #EngineeringMindset #TechCareer #Mentorship,E:/Linkdin post/day7.png,Abstract illustration of a puzzle piece fitting into a larger system. Represents strategic thinking over tactical usage.,Pending,Posted,Successfully posted to FB. ID: 122105587593164728,0
12/24/2025,9:00 AM,Facebook,Real-world Lessons,The 'LMS' Project: What I learned building for scale.,"Tutorials teach you the 'Happy Path'. Building a real Learning Management System (LMS) taught me the messy reality.

Challenge: Tracking video progress for 10,000 concurrent users.
Initial thought: Update DB every second.
Reality: Database crashed.

Solution:
- Redis for temporary progress caching.
- Batch updates to MongoDB every 60 seconds.
- Optimistic UI updates on the frontend.

Real engineering happens when the tutorial ends.

#RealWorldDev #SystemDesign #LMSProject #MERNStack #CaseStudy",#RealWorldDev #SystemDesign #LMSProject #MERNStack #CaseStudy,E:/Linkdin post/day8.png,Architecture diagram specifically highlighting the Redis caching layer between the Client and MongoDB. 'LMS Optimization' label.,Pending,Posted,Successfully posted to FB. ID: 122106323721164728,0
12/25/2025,9:00 AM,Facebook,API Design,REST is fine. GraphQL is fine. RPC is fine.,"Stop the dogma.
- REST: Great for standard resource-based CRUD. Cacheable.
- GraphQL: Excellent for complex relational data and avoiding over-fetching.
- gRPC: Unbeatable for internal microservices communication.

The best engineers allow the requirements to dictate the protocol, not personal preference.

I use REST for public APIs and GraphQL for flexible frontend dashboards in my MERN stack apps.

#APIDesign #REST #GraphQL #WebDevelopment #BackendEngineering",#APIDesign #REST #GraphQL #WebDevelopment #BackendEngineering,E:/Linkdin post/day9.png,Comparison chart of REST vs GraphQL vs gRPC with checkmarks and crosses for different use cases. Professional infographic style.,Pending,Posted,Successfully posted to FB. ID: 122106323799164728,0
12/26/2025,9:00 AM,Facebook,Industry Thinking,Code Review is not about catching bugs.,"That's what CI/CD pipelines and unit tests are for.

Code Review is for:
- Knowledge Sharing
- Architectural Alignment
- Maintainability Checks
- Mentorship

If your senior devs are spending time pointing out syntax errors in review, your linting configuration is broken. Automate the trivial. Discuss the critical.

#CodeReview #DevOps #EngineeringCulture #TeamWork #SoftwareQuality",#CodeReview #DevOps #EngineeringCulture #TeamWork #SoftwareQuality,E:/Linkdin post/day10.png,"Two developers looking at a monitor, pointing at code. Collaborative and professional atmosphere. Office setting.",Pending,Posted,Successfully posted to FB. ID: 122106324033164728,0
12/27/2025,9:00 AM,Facebook,System Design & Architecture,Caching is the band-aid. Optimization is the surgery.,"Before you throw Redis at a slow API, ask yourself:
Is the query slow because it needs caching, or because it's written poorly?

Caching stale, unoptimized data effectively just means you're serving garbage faster.

Fix the N+1 problem. Fix the missing indexes. Fix the payload size.
Then, and only then, cache the result.

#SystemDesign #Performance #Redis #DatabaseOptimization #Backend",#SystemDesign #Performance #Redis #DatabaseOptimization #Backend,E:/Linkdin post/day11.png,Medical metaphor infographic: 'Surgery' (Optimization) vs 'Band-aid' (Caching). Clean vector art.,Pending,Pending,,0
12/28/2025,9:00 AM,Facebook,Backend Logic,Express.js Middleware: The Power of the Chain.,"Middleware is the unsung hero of Express.

Instead of cluttering your controllers with validation logic, auth checks, and logging... abstract them into the middleware chain.

Req -> [Sanitize] -> [Auth] -> [RateLimit] -> [Controller] -> Res

This keeps your business logic pure and your request pipeline predictable. Separation of concerns is key.

#ExpressJS #NodeJS #Middleware #BackendArchitecture #CleanCode",#ExpressJS #NodeJS #Middleware #BackendArchitecture #CleanCode,E:/Linkdin post/day12.png,"Flowchart showing a request passing through multiple middleware blocks before hitting the controller. 'Sanitize', 'Auth', 'Logic'.",Pending,Pending,,0
12/29/2025,9:00 AM,Facebook,Frontend Architecture,React: Custom Hooks are your best friend.,"If you are copying `useEffect` logic across multiple components, you are violating DRY (Don't Repeat Yourself).

Extract that logic into a Custom Hook.
- `useFetch`
- `useForm`
- `useAuth`

This decouples logic from UI. Your components becomes strictly about rendering, and your hooks handle the behavior.
Cleaner. Testable. Reusable.

#ReactJS #Hooks #FrontendDevelopment #CodingBestPractices #WebDev",#ReactJS #Hooks #FrontendDevelopment #CodingBestPractices #WebDev,E:/Linkdin post/day13.png,Code snippet showing the extraction of logic from a Component into a 'useCustomHook'. Arrow pointing from complex to simple.,Pending,Pending,,0
12/30/2025,9:00 AM,Facebook,Authentication & Security,OAuth 2.0: Don't roll your own crypto.,"I see many devs trying to reinvent password hashing or token generation.
Don't.

Use established standards like OAuth 2.0 with providers (Google, GitHub) or libraries (Passport.js, Auth0).

Security is hard. The likelihood of you missing an edge case in a custom implementation is 100%. Standing on the shoulders of giants isn't lazy; it's responsible engineering.

#OAuth #Security #WebDevelopment #SoftwareEngineering #BestPractices",#OAuth #Security #WebDevelopment #SoftwareEngineering #BestPractices,E:/Linkdin post/day14.png,Shield icon with 'OAuth 2.0' text in the center. Connected nodes representing different identity providers.,Pending,Pending,,0
12/31/2025,9:00 AM,Facebook,Clean Code,Test Driven Development (TDD): Slow down to speed up.,"Writing tests *before* code feels counter-intuitive. It feels slow.

But you know what's slower?
Debugging a production crash at 2 AM on a Saturday.

TDD forces you to design the API of your function before you write the implementation. It leads to modular, loosely coupled code by necessity.

Invest time now. Save sanity later.

#TDD #Testing #QualityAssurance #SoftwareDevelopment #Agile",#TDD #Testing #QualityAssurance #SoftwareDevelopment #Agile,E:/Linkdin post/day15.png,"Hourglass illustration. One side 'Writing Tests', other side 'Debugging'. The 'Debugging' side is empty/saved time.",Pending,Pending,,0
1/1/2026,9:00 AM,Facebook,Performance & Scalability,CDN: It's not just for images.,"Content Delivery Networks (CDNs) aren't just for serving your JPEGs.
You should be caching your static API responses at the edge too.

If you have an endpoint that returns a list of countries (data that changes once a year)... why hit your Origin server in Virginia when the user is in Tokyo?

Serve it from the edge. Reduce latency. Save server costs.

#CDN #Performance #CloudComputing #Architecture #WebPerformance",#CDN #Performance #CloudComputing #Architecture #WebPerformance,E:/Linkdin post/day16.png,"World map with nodes lighting up, showing data being served from a location close to a user vs a central server.",Pending,Pending,,0
1/2/2026,9:00 AM,Facebook,Developer Mindset,Tutorial Hell is real. Build to escape.,"Watching 10 hours of Udemy will not make you a developer.
Building one broken, ugly, functional app will.

You learn when things break. You learn when you have to read the documentation because the video is outdated. You learn when you have to Google the error message.

Active recall > Passive consumption.
Start building.

#LearningToCode #DevCommunity #SelfTaught #BuildingPublic #Growth",#LearningToCode #DevCommunity #SelfTaught #BuildingPublic #Growth,E:/Linkdin post/day17.png,Illustration of a person breaking out of a cage made of 'Tutorials' using a hammer labeled 'Projects'.,Pending,Pending,,0
1/3/2026,9:00 AM,Facebook,Real-world Lessons,Handling Payments: It's terrifying.,"Integrating Stripe/PayPal in the LMS project was a wake-up call.

- Webhooks are mandatory (what if the browser closes before the success page?)
- Idempotency keys are critical (what if the user clicks 'Pay' twice?)
- Decimal limitations (Floating point math is bad for money)

Always handle payments with extreme defensive programming. Logs are your lifeline here.

#Stripe #Payments #BackendIntegration #MERNStack #LMS",#Stripe #Payments #BackendIntegration #MERNStack #LMS,E:/Linkdin post/day18.png,Flowchart of a payment transaction handling webhooks and failure states. Warning signs on failure paths.,Pending,Pending,,0
1/4/2026,9:00 AM,Facebook,API Design,Idempotency: The API concept you're ignoring.,"If a client sends the same POST request twice (due to network lag), does your server create two records?

If yes, your API is not idempotent.

For critical actions (payments, creation), require an 'Idempotency-Key' header.
Check if you've already processed this key. If yes, return the cached successful response.

Make your API resilient to network flakiness.

#APIDesign #BackendDevelopment #Reliability #SoftwareArchitecture #RestAPI",#APIDesign #BackendDevelopment #Reliability #SoftwareArchitecture #RestAPI,E:/Linkdin post/day19.png,Sequence diagram showing a duplicate request being intercepted and returning the original response without side effects.,Pending,Pending,,0
1/5/2026,9:00 AM,Facebook,Industry Thinking,The 'Full Stack' Myth.,"Can you be purely 50/50? Rarely.
Most 'Full Stack' devs are Front-end devs who can write a controller, or Backend devs who can center a div.

And that's okay. T-shaped skills are valuable.
Deep expertise in one area, broad competence in the other.

Don't panic if you feel stronger in one. Lean into your strength, but respect the complexity of the other side.

#FullStack #CareerAdvice #WebDevelopment #Specialization #TechIndustry",#FullStack #CareerAdvice #WebDevelopment #Specialization #TechIndustry,E:/Linkdin post/day20.png,"Bar chart showing 'T-Shaped' skills. Deep depth in Backend, broad width across Frontend/DevOps.",Pending,Pending,,0
1/6/2026,9:00 AM,Facebook,System Design & Architecture,Horizontal vs Vertical Scaling.,"Vertical: Buying a bigger server. (Easier, limited ceiling)
Horizontal: Buying more servers. (Harder, infinite ceiling)

In MERN:
- Node.js scales horizontally well (stateless).
- MongoDB scales horizontally well (sharding).

But horizontal scaling introduces complexity: Load balancers, distributed sessions, consistency issues.
Don't scale horizontally until vertical scaling is no longer cost-effective.

#Scaling #SystemDesign #DevOps #ServerArchitecture #TechStrategy",#Scaling #SystemDesign #DevOps #ServerArchitecture #TechStrategy,E:/Linkdin post/day21.png,Illustration of one giant server vs many small servers working together. Load balancer in front.,Pending,Pending,,0
1/7/2026,9:00 AM,Facebook,Backend Logic,"Validation: Frontend is for UX, Backend is for Security.","Never trust data from the client. Ever.

Frontend validation (React Hook Form) provides immediate feedback to the user. It's a nice experience.
Backend validation (Zod/Joi) prevents your database from being corrupted. It's a requirement.

You need both. They serve different masters.

#Security #Validation #WebDev #Backend #FullStack",#Security #Validation #WebDev #Backend #FullStack,E:/Linkdin post/day22.png,"Shield diagram. Outer shield 'Frontend', Inner shield 'Backend'. An arrow piercing the first but stopping at the second.",Pending,Pending,,0
1/8/2026,9:00 AM,Facebook,Frontend Architecture,React Performance: Virtual DOM isn't free.,"The Virtual DOM is fast, but calculating the diff takes CPU time.

If you are rendering a list of 10,000 items, React is checking 10,000 nodes on every update.
Virtualization (React Window) is the answer. Only render what is visible on the viewport.

Performance isn't an accident. It's an architecture decision.

#ReactJS #WebPerformance #FrontendEngineering #Optimization #Javascript",#ReactJS #WebPerformance #FrontendEngineering #Optimization #Javascript,E:/Linkdin post/day23.png,"Illustration of a long list, with only the visible portion highlighted/active. The rest is faded out.",Pending,Pending,,0
1/9/2026,9:00 AM,Facebook,Authentication & Security,Role Based Access Control (RBAC) in MERN.,"Hardcoding `if (user.isAdmin)` everywhere is a nightmare to maintain.

Implement a proper middleware solution.
`authorize(['admin', 'editor'])`

Store roles and permissions in the database.
On login, attach permissions to the user object (or JWT).
Check permissions at the route level.

Centralize your authorization logic.

#Security #RBAC #BackendArchitecture #NodeJS #AccessControl",#Security #RBAC #BackendArchitecture #NodeJS #AccessControl,E:/Linkdin post/day24.png,"Database schema snippet for 'Users', 'Roles', and 'Permissions' tables/collections. Connected lines.",Pending,Pending,,0
1/10/2026,9:00 AM,Facebook,Clean Code,Dependency Injection (DI) in JavaScript?,"We don't have Interfaces like Java/C#, but the principle applies.

Don't import your database connection directly into your service logic. Pass it in.

Why? Usage in Unit Testing.
If you inject the dependency, you can inject a Mock Database during tests.
If you hard import it, you are testing against the real DB (Integration Test).

Make your code testable by design.

#CleanArchitecture #Testing #Javascript #SoftwareDesign #CodingPatterns",#CleanArchitecture #Testing #Javascript #SoftwareDesign #CodingPatterns,E:/Linkdin post/day25.png,Code snippet showing a function receiving a 'db' parameter vs importing 'db' directly.,Pending,Pending,,0
1/11/2026,9:00 AM,Facebook,Performance & Scalability,N+1 Query Problem: The Silent Killer.,"Fetching a list of Posts.
Then for EACH post, fetching the Author.

1 Query (Posts) + N Queries (Authors).
If you have 100 posts, that's 101 DB calls.

In MERN, use MongoDB `$lookup` (Aggregation) to fetch in one go.
Or in GraphQL, use DataLoader to batch requests.

Database roundtrips are expensive. Minimize them.

#DatabasePerformance #MongoDB #BackendOptimization #SQL #WebDev",#DatabasePerformance #MongoDB #BackendOptimization #SQL #WebDev,E:/Linkdin post/day26.png,Visual diagram of 1 request splitting into 100 requests vs 1 request staying 1 request (batching).,Pending,Pending,,0
1/12/2026,9:00 AM,Facebook,Developer Mindset,Imposter Syndrome never leaves.,"I've been coding for years. I still Google basic syntax.
I still get stuck on bugs that turn out to be a typo.

The difference is, I don't panic anymore.
I know that *figuring it out* is the job.

You aren't a fraud. You're just solving a problem you haven't seen before. That's literally the definition of Engineering.

#MentalHealth #DeveloperLife #ImposterSyndrome #CareerAdvice #TechTalk",#MentalHealth #DeveloperLife #ImposterSyndrome #CareerAdvice #TechTalk,E:/Linkdin post/day27.png,"Silhouette of a person looking at a giant mountain labeled 'Tech Stack'. Use warm, encouraging colors.",Pending,Pending,,0
1/13/2026,9:00 AM,Facebook,Real-world Lessons,Deployment Config: The forgotten changing variable.,"It worked on Localhost. It crashed on AWS.
Why? Environment Variables.

Hardcoded strings are poison.
- API URLs
- Database Connection Strings
- Secret Keys

Use `.env` files locally. Use Secrets Manager in production.
And validate your config on startup (`dotenv-safe`). Fail fast if a key is missing.

#DevOps #Deployment #ConfigurationManagement #SoftwareEngineering #AWS",#DevOps #Deployment #ConfigurationManagement #SoftwareEngineering #AWS,E:/Linkdin post/day28.png,Screen showing a terminal crash error 'MISSING_ENV_VAR'. Red alert style.,Pending,Pending,,0
1/14/2026,9:00 AM,Facebook,API Design,HATEOAS: The definition of a true REST API.,"Hypermedia as the Engine of Application State.
A truly RESTful API tells the client what it can do next.

Response:
{
  ""id"": 123,
  ""status"": ""pending"",
  ""links"": [
    { ""rel"": ""cancel"", ""href"": ""/orders/123/cancel"" }
  ]
}

The API guides the flow. The frontend doesn't need to guess the logic.
Rarely implemented, but powerful for decoupling.

#RESTAPI #WebArchitecture #HATEOAS #Backend #APIStandards",#RESTAPI #WebArchitecture #HATEOAS #Backend #APIStandards,E:/Linkdin post/day29.png,JSON response snippet highlighting the 'links' object. Arrows pointing to what actions are possible.,Pending,Pending,,0
1/15/2026,9:00 AM,Facebook,Industry Thinking,Open Source: It's good for your career.,"You don't need to build the next React.
Fixing a typo in documentation counts.
Answering an Issue counts.

Contributing to Open Source proves:
1. You can read other people's code.
2. You understand pull request workflows.
3. You communicate professionally.

Recruiters look at GitHub graphs. Make yours green.

#OpenSource #CareerGrowth #GitHub #DeveloperCommunity #Coding",#OpenSource #CareerGrowth #GitHub #DeveloperCommunity #Coding,E:/Linkdin post/day30.png,GitHub contribution graph heavily populated with green squares. 'Open Source' badge overlaid.,Pending,Pending,,0
